{
    "MedInc": 0.39218568801879883,
    "Latitude": 0.15238770842552185,
    "Longitude": 0.1465330868959427,
    "AveOccup": 0.11332092434167862,
    "AveRooms": 0.07346788048744202,
    "HouseAge": 0.06680303066968918,
    "AveBedrms": 0.028544872999191284,
    "Population": 0.026756828650832176
}